﻿-- Cities --

-- София — 1 196 389
-- Пловдив — 340 638
-- Варна — 314 539
-- Бургас — 210 316
-- Русе — 162 128
-- Стара-Загора — 143 989
-- Плевен — 122 149
-- Добрич — 100 379
-- Сливен — 100 695
-- Шумен — 89 054

SET IDENTITY_INSERT dbo.City ON
INSERT INTO dbo.City (CountryId, Id, Name, InternalName)
     VALUES 
        (2, 10, N'София', N'sof'),
        (2, 11, N'Пловдив', N'pdv'),
        (2, 12, N'Варна', N'var'),
        (2, 13, N'Бургас', N'bur'),
        (2, 14, N'Русел', N'rul'),
        (2, 15, N'Стара Загора', N'stz'),
        (2, 16, N'Плевен', N'ple'),
        (2, 17, N'Добрич', N'dob'),
        (2, 18, N'Сливен', N'sli'),
        (2, 19, N'Шумен', N'chu')
SET IDENTITY_INSERT dbo.City OFF
GO

-- CityId
-- 10 - София
-- 11 - Пловдив
-- 12 - Варна
-- 13 - Бургас
-- 14 - Русел
-- 15 - Стара Загора
-- 16 - Плевен
-- 17 - Добрич
-- 18 - Сливен
-- 19 - Шумен

INSERT INTO [dbo].[CitySeoParameter]
           ([Value]
           ,[Alias]
           ,[CityId])
     VALUES
	(N'София', N'sof', 10),
    (N'Пловдив', N'pdv', 11),
    (N'Варна', N'var', 12),
    (N'Бургас', N'bur', 13),
    (N'Русе', N'rul', 14),
    (N'Стара Загора', N'stz', 15),
    (N'Плевен', N'ple', 16),
    (N'Добрич', N'dob', 17),
    (N'Сливен', N'sli', 18),
    (N'Шумен', N'chu', 19)
GO

SET IDENTITY_INSERT [dbo].[District] ON

INSERT INTO [dbo].[District]
           (Id
           ,[Name]
           ,[CityId])
     VALUES
-- sof, 10
(311, N'Абдовица', 10),
(312, N'Аерогарата', 10),
(313, N'Балша (с.)', 10),
(314, N'Банишора', 10),
(315, N'Банкя (гр.)', 10),
(316, N'Белите Брези', 10),
(317, N'Беловодски Път в.з.', 10),
(318, N'Бенковски', 10),
(319, N'Бистрица (с.)', 10),
(320, N'Бокар', 10),
(321, N'Борово', 10),
(322, N'Ботевградско шосе', 10),
(323, N'Ботунец', 10),
(324, N'Бояна', 10),
(325, N'Бункера в.з.', 10),
(326, N'Бусманци', 10),
(327, N'Бухово (гр.)', 10),
(328, N'Бъкстон', 10),
(329, N'Витоша', 10),
(330, N'Владая (с.)', 10),
(331, N'Военна Рампа', 10),
(332, N'Войнеговци (с.)', 10),
(333, N'Волуяк (с.)', 10),
(334, N'Враждебна', 10),
(335, N'Враня', 10),
(336, N'Връбница 1', 10),
(337, N'Връбница 2', 10),
(338, N'Гара Искър', 10),
(339, N'Гевгелийски', 10),
(340, N'Гео Милев', 10),
(341, N'Герман (с.)', 10),
(342, N'Гниляне', 10),
(343, N'Горна Баня', 10),
(344, N'Горни Богров (с.)', 10),
(345, N'Горубляне', 10),
(346, N'Гоце Делчев', 10),
(347, N'Дианабад', 10),
(348, N'Димитър Миленков', 10),
(349, N'Доброславци (с.)', 10),
(350, N'Долни Богров (с.)', 10),
(351, N'Долни Пасарел (с.)', 10),
(352, N'Драгалевци', 10),
(353, N'Дружба', 10),
(354, N'Дружба 1', 10),
(355, N'Дружба 2', 10),
(356, N'Дървеница', 10),
(357, N'Железница', 10),
(358, N'Желява (с.)', 10),
(359, N'Житен (с.)', 10),
(360, N'Западен Парк', 10),
(361, N'Захарна Фабрика', 10),
(362, N'Зона Б18', 10),
(363, N'Зона Б19', 10),
(364, N'Зона Б5', 10),
(365, N'Иван Вазов', 10),
(366, N'Иваняне (с.)', 10),
(367, N'Изгрев', 10),
(368, N'Изток', 10),
(369, N'Илинден', 10),
(370, N'Илиянци', 10),
(371, N'Казичене (с.)', 10),
(372, N'Камбаните', 10),
(373, N'Карпузица', 10),
(374, N'Килиите в.з.', 10),
(375, N'Киноцентър в.з.', 10),
(376, N'Клисура (с.)', 10),
(377, N'Княжево', 10),
(378, N'Кокаляне (с.)', 10),
(379, N'Красна Поляна', 10),
(380, N'Красно Село', 10),
(381, N'Кремиковци', 10),
(382, N'Крива Река', 10),
(383, N'Кривина (с.)', 10),
(384, N'Кръстова Вада', 10),
(385, N'Кубратово (с.)', 10),
(386, N'Кътина (с.)', 10),
(387, N'Лагера', 10),
(388, N'Левски', 10),
(389, N'Левски В', 10),
(390, N'Левски Г', 10),
(391, N'Лозен (с.)', 10),
(392, N'Лозенец', 10),
(393, N'Локорско (с.)', 10),
(394, N'Ломско шосе', 10),
(395, N'Люлин 1', 10),
(396, N'Люлин 10', 10),
(397, N'Люлин 2', 10),
(398, N'Люлин 3', 10),
(399, N'Люлин 4', 10),
(400, N'Люлин 5', 10),
(401, N'Люлин 6', 10),
(402, N'Люлин 7', 10),
(403, N'Люлин 8', 10),
(404, N'Люлин 9', 10),
(405, N'Люлин Център', 10),
(406, N'Малашевци', 10),
(407, N'Малинова Долина', 10),
(408, N'Мало Бучино', 10),
(409, N'Манастирски Ливади', 10),
(410, N'Манастирски ливади Запад', 10),
(411, N'Манастирски ливади Изток', 10),
(412, N'Мировяне (с.)', 10),
(413, N'Младост 1', 10),
(414, N'Младост 1а', 10),
(415, N'Младост 2', 10),
(416, N'Младост 3', 10),
(417, N'Младост 4', 10),
(418, N'Модерно Предградие', 10),
(419, N'Мотописта', 10),
(420, N'Мрамор (с.)', 10),
(421, N'Мусагеница', 10),
(422, N'Мърчаево (с.)', 10),
(423, N'Надежда 1', 10),
(424, N'Надежда 2', 10),
(425, N'Надежда 3', 10),
(426, N'Надежда 4', 10),
(427, N'Надежда 5', 10),
(428, N'Надежда 6', 10),
(429, N'Негован', 10),
(430, N'Нови Искър (гр.)', 10),
(431, N'Обеля', 10),
(432, N'Обеля 1', 10),
(433, N'Обеля 2', 10),
(434, N'Оборище', 10),
(435, N'Овча Купел', 10),
(436, N'Овча Купел 1', 10),
(437, N'Овча Купел 2', 10),
(438, N'Околовръстен Път', 10),
(439, N'Орландовци', 10),
(440, N'Павлово', 10),
(441, N'Панчарево (с.)', 10),
(442, N'Пасарел (с.)', 10),
(443, N'Пирогов', 10),
(444, N'Плана (с.)', 10),
(445, N'Планина Витоша', 10),
(446, N'Подгумер (с.)', 10),
(447, N'Подуене', 10),
(448, N'Полигона', 10),
(449, N'Разсадника', 10),
(450, N'Редута', 10),
(451, N'Република', 10),
(452, N'Света Троица', 10),
(453, N'Световрачене', 10),
(454, N'Свобода', 10),
(455, N'Сердика', 10),
(456, N'Сеславци', 10),
(457, N'Симеоново', 10),
(458, N'Ситняково', 10),
(459, N'Славия', 10),
(460, N'Слатина', 10),
(461, N'Стефан Караджа', 10),
(462, N'Стрелбище', 10),
(463, N'Студентски Град', 10),
(464, N'Суха Река', 10),
(465, N'Суходол', 10),
(466, N'Толстой', 10),
(467, N'Требич', 10),
(468, N'Триъгълника', 10),
(469, N'Факултета', 10),
(470, N'Филиповци', 10),
(471, N'Фондови Жилища', 10),
(472, N'Хаджи Димитър', 10),
(473, N'Хиподрума', 10),
(474, N'Хладилника', 10),
(475, N'Христо Ботев', 10),
(476, N'Цариградски комплекс', 10),
(477, N'Цариградско Шосе', 10),
(478, N'Централна гара', 10),
(479, N'Център', 10),
(480, N'Чeлопечене', 10),
(481, N'Чепинци (с.)', 10),
(482, N'Яворов', 10),
(483, N'Яна (с.)', 10),

-- Пловдив, 11
(484, N'Асеновградско Шосе', 11),
(485, N'Беломорски', 11),
(486, N'Брезовско Шосе', 11),
(487, N'Въстанически', 11),
(488, N'Гагарин', 11),
(489, N'Градската градина', 11),
(490, N'Гребна база', 11),
(491, N'Захарна фабрика', 11),
(492, N'Изгрев', 11),
(493, N'Индустриална зона - Изток', 11),
(494, N'Индустриална зона - Север', 11),
(495, N'Индустриална зона - Тракия', 11),
(496, N'Индустриална зона - Юг', 11),
(497, N'Институт по овощарство', 11),
(498, N'Каменица 1', 11),
(499, N'Каменица 2', 11),
(500, N'Карловско Шосе', 11),
(501, N'Коматево', 11),
(502, N'Коматевски възел', 11),
(503, N'Коматевско Шосе', 11),
(504, N'Кукленско Шосе', 11),
(505, N'Кършияка', 11),
(506, N'Кючук Париж', 11),
(507, N'Мараша', 11),
(508, N'Марица Север', 11),
(509, N'Младежки хълм', 11),
(510, N'Околовръстно Шосе', 11),
(511, N'Остромила', 11),
(512, N'Пазарджишко Шосе', 11),
(513, N'Пещерско Шосе', 11),
(514, N'Прослав', 11),
(515, N'Рогошко Шосе', 11),
(516, N'Смирненски', 11),
(517, N'Стария град', 11),
(518, N'Столипиново', 11),
(519, N'Съдийски', 11),
(520, N'Тракия', 11),
(521, N'Филипово', 11),
(522, N'Цариградско Шосе', 11),
(523, N'Централна Гара', 11),
(524, N'Център', 11),
(525, N'Шекер Махала', 11),
(526, N'Широк Център', 11),
(527, N'Южен', 11),

-- Варна, 12
(528, N'Автогарата', 12),
(529, N'Аспарухово', 12),
(530, N'Бизнес Парк Варна', 12),
(531, N'Бриз', 12),
(532, N'Виница', 12),
(533, N'Винс', 12),
(534, N'Владиславово', 12),
(535, N'Възраждане 1', 12),
(536, N'Възраждане 2', 12),
(537, N'Възраждане 3', 12),
(538, N'Възраждане 4', 12),
(539, N'Галата', 12),
(540, N'Гаров район', 12),
(541, N'Генералите', 12),
(542, N'Гръцка махала', 12),
(543, N'Електрон', 12),
(544, N'Жп Гара', 12),
(545, N'Завод Дружба', 12),
(546, N'Западна Пром. Зона', 12),
(547, N'Зк Тракия', 12),
(548, N'Изгрев', 12),
(549, N'Кайсиева Градина', 12),
(550, N'Колхозен Пазар', 12),
(551, N'Левски', 12),
(552, N'Лк Тракия', 12),
(553, N'Магистрала Хемус', 12),
(554, N'Максуда', 12),
(555, N'Метро', 12),
(556, N'Младост 1', 12),
(557, N'Младост 2', 12),
(558, N'Морска Градина', 12),
(559, N'Нептун', 12),
(560, N'Нов Хлебозавод', 12),
(561, N'Общината', 12),
(562, N'Окръжна Болница', 12),
(563, N'Парк Владислав Варненчик', 12),
(564, N'Патриарха', 12),
(565, N'Планова промишлена зона', 12),
(566, N'Победа', 12),
(567, N'Погребите', 12),
(568, N'Пром. Зона Северна', 12),
(569, N'Пром. Зона Юг', 12),
(570, N'Спортна Зала', 12),
(571, N'Терапията', 12),
(572, N'Техникумите', 12),
(573, N'Трошево', 12),
(574, N'Хеи', 12),
(575, N'Христо Ботев', 12),
(576, N'Цветен', 12),
(577, N'Център', 12),
(578, N'Чайка', 12),
(579, N'Чаталджа', 12),
(580, N'Червен Площад', 12),
(581, N'м-т Акчелар', 12),
(582, N'м-т Атанас Тарла', 12),
(583, N'м-т Аязмото', 12),
(584, N'м-т Балам Дере', 12),
(585, N'м-т Боклук Тарла', 12),
(586, N'м-т Боровец - юг', 12),
(587, N'м-т Боровец север', 12),
(588, N'м-т Дървен Мост', 12),
(589, N'м-т Евксиноград', 12),
(590, N'м-т Зеленика', 12),
(591, N'м-т Кокарджа', 12),
(592, N'м-т Кочмар', 12),
(593, N'м-т Ментешето', 12),
(594, N'м-т Планова', 12),
(595, N'м-т Прибой', 12),
(596, N'м-т Пчелина', 12),
(597, N'м-т Ракитника', 12),
(598, N'м-т Св. Никола', 12),
(599, N'м-т Сотира', 12),
(600, N'м-т Сълзица', 12),
(601, N'м-т Траката', 12),
(602, N'м-т Фичоза', 12),
(603, N'м-т Франга дере', 12),

-- Бургас, 13
(604, N'Възраждане', 13),
(605, N'Горно Езерово', 13),
(606, N'Долно Езерово', 13),
(607, N'Зорница', 13),
(608, N'Изгрев', 13),
(609, N'Индустриална Зона', 13),
(610, N'Крайморие', 13),
(611, N'Лазур', 13),
(612, N'Лозово', 13),
(613, N'Меден Рудник', 13),
(614, N'Метро', 13),
(615, N'Победа', 13),
(616, N'Рудник', 13),
(617, N'Сарафово', 13),
(618, N'Славейков', 13),
(619, N'Център', 13),
(620, N'Черно море', 13),
(621, N'кв.Банево', 13),
(622, N'кв.Ветрен', 13),
(624, N'Акациите', 13),
(625, N'Братя Миладинови', 13),

-- Русел, 14
(626, N'ДЗС', 14),
(627, N'Долапите', 14),
(628, N'Дружба 1', 14),
(629, N'Дружба 2', 14),
(630, N'Дружба 3', 14),
(631, N'Западна Промишлена Зона', 14),
(632, N'Захарна Фабрика', 14),
(633, N'Здравец', 14),
(634, N'Здравец Изток', 14),
(635, N'Здравец Север', 14),
(636, N'Идеален Център', 14),
(637, N'Източна Промишлена Зона', 14),
(638, N'Левента', 14),
(639, N'Мальовица', 14),
(640, N'Мидия-Енос', 14),
(641, N'Новата Махала', 14),
(642, N'Родина 1', 14),
(643, N'Родина 2', 14),
(644, N'Родина 3', 14),
(645, N'Родина 4', 14),
(646, N'Сарая', 14),
(647, N'Средна Кула', 14),
(648, N'Хижа Приста', 14),
(649, N'Хъшове', 14),
(650, N'ЦЮР', 14),
(651, N'Цветница', 14),
(652, N'Център', 14),
(653, N'Чародейка Север', 14),
(654, N'Чародейка Юг', 14),
(655, N'Широк Център', 14),
(656, N'Ялта', 14),
(657, N'Веждата', 14),
(658, N'Възраждане', 14),
(659, N'Възраждане-Юг', 14),
(660, N'Главен път Русе-Варна', 14),

-- Стара Загора, 15
(661, N'VII-мо основно у-ще', 15),
(662, N'АПК Загоре', 15),
(663, N'Алана', 15),
(664, N'Аязмото', 15),
(665, N'БКП', 15),
(666, N'Била', 15),
(667, N'Бул. Генерал Столетов', 15),
(668, N'Бул. Отец Паисий', 15),
(669, N'Бул. Патриарх Евтимий', 15),
(670, N'Бул. Руски', 15),
(671, N'Бул. Симеон Велики', 15),
(672, N'Бул. Славянски', 15),
(673, N'Бул. Хан Аспарух', 15),
(674, N'Бул. Христо Ботев', 15),
(675, N'Булбанк', 15),
(676, N'Гимназия Иван Вазов', 15),
(677, N'ДЗУ', 15),
(678, N'ДНА', 15),
(679, N'Детска поликлиника', 15),
(680, N'Езикова гимназия', 15),
(681, N'Загорка', 15),
(682, N'Индустриална зона - Запад', 15),
(683, N'Индустриална зона - Изток', 15),
(684, N'Индустриална зона - Север', 15),
(685, N'Казански', 15),
(686, N'Казански - Изток', 15),
(687, N'Кольо Ганчев', 15),
(688, N'Корекома', 15),
(689, N'МБАЛ Иван Рилски', 15),
(690, N'Македонски', 15),
(691, N'Математическа гимназия', 15),
(692, N'Метро', 15),
(693, N'Мототехника', 15),
(694, N'Никола Петков', 15),
(695, N'ОРБ', 15),
(696, N'Операта', 15),
(697, N'Опълченски', 15),
(698, N'Ремиза', 15),
(699, N'Самара 1', 15),
(700, N'Самара 2', 15),
(701, N'Самара 3', 15),
(702, N'Студентско градче - Атюрен', 15),
(703, N'Център', 15),
(704, N'кв. Железник - Запад', 15),
(705, N'кв. Железник - Изток', 15),
(706, N'кв. Зора', 15),
(707, N'кв. Индустриален', 15),
(708, N'кв. Лозенец', 15),
(709, N'кв. Три Чучура - Север', 15),
(710, N'кв. Три Чучура - Юг', 15),
(711, N'кв. Три чучура - Център', 15),
(712, N'кино Димитър Благоев', 15),
(713, N'м-н Перун', 15),
(714, N'х-л Тангра', 15),
(715, N'I-во основно  у-ще', 15),
(716, N'II-ро основно у-ще', 15),
(717, N'III-та поликлиника', 15),
(718, N'V-то основно у-ще', 15),
(719, N'VI-то основно у-ще', 15),

-- Плевен, 16
(720, N'Дружба 1', 16),
(721, N'Дружба 2', 16),
(722, N'Дружба 3', 16),
(723, N'Дружба 4', 16),
(724, N'Идеален Център', 16),
(725, N'Индустриална Зона', 16),
(726, N'Кайлъка', 16),
(727, N'Мара Денчева', 16),
(728, N'Окръжна Болница', 16),
(729, N'Пл. Македония', 16),
(730, N'Плевен-Запад', 16),
(731, N'Скобелев Парк', 16),
(732, N'Сторгозия', 16),
(733, N'Ул. 3-Ти Март', 16),
(734, N'Ул. Гренадерска', 16),
(735, N'Хотел Балкан', 16),
(736, N'Централ', 16),
(737, N'Център', 16),
(738, N'Шзо', 16),
(739, N'9-Ти Квартал', 16),
(740, N'Бул. Русе', 16),
(741, N'Вми', 16),
(742, N'Воден', 16),
(743, N'Градска Част', 16),
(744, N'Дружба', 16),

-- Добрич, 17
(745, N'Изгрев', 17),
(746, N'Промишлена Зона Запад', 17),
(747, N'Промишлена Зона Север', 17),
(748, N'Рилци', 17),
(749, N'Строител', 17),
(750, N'Христо Ботев', 17),
(751, N'Център', 17),
(752, N'Югоизток', 17),
(753, N'Балик', 17),
(754, N'Добротица', 17),
(755, N'Дружба 1', 17),
(756, N'Дружба 2', 17),
(757, N'Дружба 3', 17),
(758, N'Дружба 4', 17),
(759, N'Иглика', 17),

-- Сливен, 18
(760, N'Младост', 18),
(761, N'Надежда', 18),
(762, N'Ново Село', 18),
(763, N'Промишлена зона', 18),
(764, N'Република', 18),
(765, N'Речица', 18),
(766, N'Руски', 18),
(767, N'Сини Камъни', 18),
(768, N'Стоян Заимов', 18),
(769, N'Център', 18),
(770, N'в.з. Сливен', 18),
(771, N'Българка', 18),
(772, N'ДЗС - Дебела кория', 18),
(773, N'Даме Груев', 18),
(774, N'Дружба', 18),
(775, N'Звездите', 18),
(776, N'Клуцохор', 18),
(777, N'Кольо Фичето', 18),
(778, N'Комлука', 18),

-- Шумен, 19
(779, N'Еверест', 19),
(780, N'Идустр.зона Добруджа', 19),
(781, N'Идустр.зона Тракия', 19),
(782, N'Куршум чешма', 19),
(783, N'Кьошкове', 19),
(784, N'Лозево', 19),
(785, N'Макак', 19),
(786, N'Мътница', 19),
(787, N'Пети полк', 19),
(788, N'Студентски общежития', 19),
(789, N'Тракия', 19),
(790, N'Херсон', 19),
(791, N'Център', 19),
(792, N'Широк център', 19),
(793, N'в.з. Под манастира', 19),
(794, N'в.з. Сакарка', 19),
(795, N'в.з. Смесе', 19),
(796, N'в.з. Топхане', 19),
(797, N'в.з. Чашка', 19),
(798, N'Болница', 19),
(799, N'Боян Българанов 1', 19),
(800, N'Боян Българанов 2', 19),
(801, N'Бул.Велики Преслав', 19),
(802, N'Бялата Пръст', 19),
(803, N'Гривица', 19),
(804, N'Дивдядово', 19),
(805, N'Дивизионна болница', 19),
(806, N'Добруджа', 19)

SET IDENTITY_INSERT [dbo].[District] OFF
GO

INSERT INTO dbo.DistrictSeoParameter
           (
           DistrictId,
           Value,
           CityId,
           Alias
           )
     VALUES

-- София, 10
(311, N'Абдовица', 10, N'abdovica'),
(312, N'Аерогарата', 10, N'aerogarata'),
(313, N'Балша', 10, N'balsha'),
(314, N'Банишора', 10, N'banishora'),
(315, N'Банкя', 10, N'bankya'),
(316, N'Белите Брези', 10, N'belite-brezi'),
(317, N'Беловодски Път', 10, N'belovodski-pt'),
(318, N'Бенковски', 10, N'benkovski'),
(319, N'Бистрица', 10, N'bistrica'),
(320, N'Бокар', 10, N'bokar'),
(321, N'Борово', 10, N'borovo'),
(322, N'Ботевградско шосе', 10, N'botevgradsko-shose'),
(323, N'Ботунец', 10, N'botunec'),
(324, N'Бояна', 10, N'boyana'),
(325, N'Бункера', 10, N'bunkera'),
(326, N'Бусманци', 10, N'busmanci'),
(327, N'Бухово', 10, N'buhovo'),
(328, N'Бъкстон', 10, N'bkston'),
(329, N'Витоша', 10, N'vitosha'),
(330, N'Владая', 10, N'vladaya'),
(331, N'Военна Рампа', 10, N'voenna-rampa'),
(332, N'Войнеговци', 10, N'vojnegovci'),
(333, N'Волуяк', 10, N'voluyak'),
(334, N'Враждебна', 10, N'vrazhdebna'),
(335, N'Враня', 10, N'vranya'),
(336, N'Връбница 1', 10, N'vrbnica-1'),
(337, N'Връбница 2', 10, N'vrbnica-2'),
(338, N'Гара Искър', 10, N'gara-iskr'),
(339, N'Гевгелийски', 10, N'gevgelijski'),
(340, N'Гео Милев', 10, N'geo-milev'),
(341, N'Герман', 10, N'german'),
(342, N'Гниляне', 10, N'gnilyane'),
(343, N'Горна Баня', 10, N'gorna-banya'),
(344, N'Горни Богров', 10, N'gorni-bogrov'),
(345, N'Горубляне', 10, N'gorublyane'),
(346, N'Гоце Делчев', 10, N'goce-delchev'),
(347, N'Дианабад', 10, N'dianabad'),
(348, N'Димитър Миленков', 10, N'dimitr-milenkov'),
(349, N'Доброславци', 10, N'dobroslavci'),
(350, N'Долни Богров', 10, N'dolni-bogrov'),
(351, N'Долни Пасарел', 10, N'dolni-pasarel'),
(352, N'Драгалевци', 10, N'dragalevci'),
(353, N'Дружба', 10, N'druzhba'),
(354, N'Дружба 1', 10, N'druzhba-1'),
(355, N'Дружба 2', 10, N'druzhba-2'),
(356, N'Дървеница', 10, N'drvenica'),
(357, N'Железница', 10, N'zheleznica'),
(358, N'Желява', 10, N'zhelyava'),
(359, N'Житен', 10, N'zhiten'),
(360, N'Западен Парк', 10, N'zapaden-park'),
(361, N'Захарна Фабрика', 10, N'zaharna-fabrika'),
(362, N'Зона Б18', 10, N'zona-b18'),
(363, N'Зона Б19', 10, N'zona-b19'),
(364, N'Зона Б5', 10, N'zona-b5'),
(365, N'Иван Вазов', 10, N'ivan-vazov'),
(366, N'Иваняне', 10, N'ivanyane'),
(367, N'Изгрев', 10, N'izgrev'),
(368, N'Изток', 10, N'iztok'),
(369, N'Илинден', 10, N'ilinden'),
(370, N'Илиянци', 10, N'iliyanci'),
(371, N'Казичене', 10, N'kazichene'),
(372, N'Камбаните', 10, N'kambanite'),
(373, N'Карпузица', 10, N'karpuzica'),
(374, N'Килиите', 10, N'kiliite'),
(375, N'Киноцентър', 10, N'kinocentr'),
(376, N'Клисура', 10, N'klisura'),
(377, N'Княжево', 10, N'knyazhevo'),
(378, N'Кокаляне', 10, N'kokalyane'),
(379, N'Красна Поляна', 10, N'krasna-polyana'),
(380, N'Красно Село', 10, N'krasno-selo'),
(381, N'Кремиковци', 10, N'kremikovci'),
(382, N'Крива Река', 10, N'kriva-reka'),
(383, N'Кривина', 10, N'krivina'),
(384, N'Кръстова Вада', 10, N'krstova-vada'),
(385, N'Кубратово', 10, N'kubratovo'),
(386, N'Кътина', 10, N'ktina'),
(387, N'Лагера', 10, N'lagera'),
(388, N'Левски', 10, N'levski'),
(389, N'Левски В', 10, N'levski-v'),
(390, N'Левски Г', 10, N'levski-g'),
(391, N'Лозен', 10, N'lozen'),
(392, N'Лозенец', 10, N'lozenec'),
(393, N'Локорско', 10, N'lokorsko'),
(394, N'Ломско шосе', 10, N'lomsko-shose'),
(395, N'Люлин 1', 10, N'lyulin-1'),
(396, N'Люлин 10', 10, N'lyulin-10'),
(397, N'Люлин 2', 10, N'lyulin-2'),
(398, N'Люлин 3', 10, N'lyulin-3'),
(399, N'Люлин 4', 10, N'lyulin-4'),
(400, N'Люлин 5', 10, N'lyulin-5'),
(401, N'Люлин 6', 10, N'lyulin-6'),
(402, N'Люлин 7', 10, N'lyulin-7'),
(403, N'Люлин 8', 10, N'lyulin-8'),
(404, N'Люлин 9', 10, N'lyulin-9'),
(405, N'Люлин Център', 10, N'lyulin-centr'),
(406, N'Малашевци', 10, N'malashevci'),
(407, N'Малинова Долина', 10, N'malinova-dolina'),
(408, N'Мало Бучино', 10, N'malo-buchino'),
(409, N'Манастирски Ливади', 10, N'manastirski-livadi'),
(410, N'Манастирски ливади Запад', 10, N'manastirski-livadi-zapad'),
(411, N'Манастирски ливади Изток', 10, N'manastirski-livadi-iztok'),
(412, N'Мировяне', 10, N'mirovyane'),
(413, N'Младост 1', 10, N'mladost-1'),
(414, N'Младост 1а', 10, N'mladost-1a'),
(415, N'Младост 2', 10, N'mladost-2'),
(416, N'Младост 3', 10, N'mladost-3'),
(417, N'Младост 4', 10, N'mladost-4'),
(418, N'Модерно Предградие', 10, N'moderno-predgradie'),
(419, N'Мотописта', 10, N'motopista'),
(420, N'Мрамор', 10, N'mramor'),
(421, N'Мусагеница', 10, N'musagenica'),
(422, N'Мърчаево', 10, N'mrchaevo'),
(423, N'Надежда 1', 10, N'nadezhda-1'),
(424, N'Надежда 2', 10, N'nadezhda-2'),
(425, N'Надежда 3', 10, N'nadezhda-3'),
(426, N'Надежда 4', 10, N'nadezhda-4'),
(427, N'Надежда 5', 10, N'nadezhda-5'),
(428, N'Надежда 6', 10, N'nadezhda-6'),
(429, N'Негован', 10, N'negovan'),
(430, N'Нови Искър', 10, N'novi-iskr'),
(431, N'Обеля', 10, N'obelya'),
(432, N'Обеля 1', 10, N'obelya-1'),
(433, N'Обеля 2', 10, N'obelya-2'),
(434, N'Оборище', 10, N'oborische'),
(435, N'Овча Купел', 10, N'ovcha-kupel'),
(436, N'Овча Купел 1', 10, N'ovcha-kupel-1'),
(437, N'Овча Купел 2', 10, N'ovcha-kupel-2'),
(438, N'Околовръстен Път', 10, N'okolovrsten-pt'),
(439, N'Орландовци', 10, N'orlandovci'),
(440, N'Павлово', 10, N'pavlovo'),
(441, N'Панчарево', 10, N'pancharevo'),
(442, N'Пасарел', 10, N'pasarel'),
(443, N'Пирогов', 10, N'pirogov'),
(444, N'Плана', 10, N'plana'),
(445, N'Планина Витоша', 10, N'planina-vitosha'),
(446, N'Подгумер', 10, N'podgumer'),
(447, N'Подуене', 10, N'poduene'),
(448, N'Полигона', 10, N'poligona'),
(449, N'Разсадника', 10, N'razsadnika'),
(450, N'Редута', 10, N'reduta'),
(451, N'Република', 10, N'republika'),
(452, N'Света Троица', 10, N'sveta-troica'),
(453, N'Световрачене', 10, N'svetovrachene'),
(454, N'Свобода', 10, N'svoboda'),
(455, N'Сердика', 10, N'serdika'),
(456, N'Сеславци', 10, N'seslavci'),
(457, N'Симеоново', 10, N'simeonovo'),
(458, N'Ситняково', 10, N'sitnyakovo'),
(459, N'Славия', 10, N'slaviya'),
(460, N'Слатина', 10, N'slatina'),
(461, N'Стефан Караджа', 10, N'stefan-karadzha'),
(462, N'Стрелбище', 10, N'strelbische'),
(463, N'Студентски Град', 10, N'studentski-grad'),
(464, N'Суха Река', 10, N'suha-reka'),
(465, N'Суходол', 10, N'suhodol'),
(466, N'Толстой', 10, N'tolstoj'),
(467, N'Требич', 10, N'trebich'),
(468, N'Триъгълника', 10, N'triglnika'),
(469, N'Факултета', 10, N'fakulteta'),
(470, N'Филиповци', 10, N'filipovci'),
(471, N'Фондови Жилища', 10, N'fondovi-zhilischa'),
(472, N'Хаджи Димитър', 10, N'hadzhi-dimitr'),
(473, N'Хиподрума', 10, N'hipodruma'),
(474, N'Хладилника', 10, N'hladilnika'),
(475, N'Христо Ботев', 10, N'hristo-botev'),
(476, N'Цариградски комплекс', 10, N'carigradski-kompleks'),
(477, N'Цариградско Шосе', 10, N'carigradsko-shose'),
(478, N'Централна гара', 10, N'centralna-gara'),
(479, N'Център', 10, N'centr'),
(480, N'Чeлопечене', 10, N'chelopechene'),
(481, N'Чепинци', 10, N'chepinci'),
(482, N'Яворов', 10, N'yavorov'),
(483, N'Яна', 10, N'yana'),

-- Пловдив, 11

(484, N'Асеновградско Шосе', 11, N'asenovgradsko-shose'),
(485, N'Беломорски', 11, N'belomorski'),
(486, N'Брезовско Шосе', 11, N'brezovsko-shose'),
(487, N'Въстанически', 11, N'vstanicheski'),
(488, N'Гагарин', 11, N'gagarin'),
(489, N'Градската градина', 11, N'gradskata-gradina'),
(490, N'Гребна база', 11, N'grebna-baza'),
(491, N'Захарна фабрика', 11, N'zaharna-fabrika'),
(492, N'Изгрев', 11, N'izgrev'),
(493, N'Изток', 11, N'iztok'),
(494, N'Север', 11, N'sever'),
(495, N'Тракия', 11, N'trakiya'),
(496, N'Юг', 11, N'yug'),
(497, N'Институт по овощарство', 11, N'institut-po-ovoscharstvo'),
(498, N'Каменица 1', 11, N'kamenica-1'),
(499, N'Каменица 2', 11, N'kamenica-2'),
(500, N'Карловско Шосе', 11, N'karlovsko-shose'),
(501, N'Коматево', 11, N'komatevo'),
(502, N'Коматевски възел', 11, N'komatevski-vzel'),
(503, N'Коматевско Шосе', 11, N'komatevsko-shose'),
(504, N'Кукленско Шосе', 11, N'kuklensko-shose'),
(505, N'Кършияка', 11, N'krshiyaka'),
(506, N'Кючук Париж', 11, N'kyuchuk-parizh'),
(507, N'Мараша', 11, N'marasha'),
(508, N'Марица Север', 11, N'marica-sever'),
(509, N'Младежки хълм', 11, N'mladezhki-hlm'),
(510, N'Околовръстно Шосе', 11, N'okolovrstno-shose'),
(511, N'Остромила', 11, N'ostromila'),
(512, N'Пазарджишко Шосе', 11, N'pazardzhishko-shose'),
(513, N'Пещерско Шосе', 11, N'peschersko-shose'),
(514, N'Прослав', 11, N'proslav'),
(515, N'Рогошко Шосе', 11, N'rogoshko-shose'),
(516, N'Смирненски', 11, N'smirnenski'),
(517, N'Стария град', 11, N'stariya-grad'),
(518, N'Столипиново', 11, N'stolipinovo'),
(519, N'Съдийски', 11, N'sdijski'),
(521, N'Филипово', 11, N'filipovo'),
(522, N'Цариградско Шосе', 11, N'carigradsko-shose'),
(523, N'Централна Гара', 11, N'centralna-gara'),
(524, N'Център', 11, N'centr'),
(525, N'Шекер Махала', 11, N'sheker-mahala'),
(526, N'Широк Център', 11, N'shirok-centr'),
(527, N'Южен', 11, N'yuzhen'),

-- Варна, 12

(528, N'Автогарата', 12, N'avtogarata'),
(529, N'Аспарухово', 12, N'asparuhovo'),
(530, N'Бизнес Парк Варна', 12, N'biznes-park-varna'),
(531, N'Бриз', 12, N'briz'),
(532, N'Виница', 12, N'vinica'),
(533, N'Винс', 12, N'vins'),
(534, N'Владиславово', 12, N'vladislavovo'),
(535, N'Възраждане 1', 12, N'vzrazhdane-1'),
(536, N'Възраждане 2', 12, N'vzrazhdane-2'),
(537, N'Възраждане 3', 12, N'vzrazhdane-3'),
(538, N'Възраждане 4', 12, N'vzrazhdane-4'),
(539, N'Галата', 12, N'galata'),
(540, N'Гаров район', 12, N'garov-rajon'),
(541, N'Генералите', 12, N'generalite'),
(542, N'Гръцка махала', 12, N'grcka-mahala'),
(543, N'Електрон', 12, N'elektron'),
(544, N'Жп Гара', 12, N'zhp-gara'),
(545, N'Завод Дружба', 12, N'zavod-druzhba'),
(546, N'Западна Пром. Зона', 12, N'zapadna-prom-zona'),
(547, N'Зк Тракия', 12, N'zk-trakiya'),
(548, N'Изгрев', 12, N'izgrev'),
(549, N'Кайсиева Градина', 12, N'kajsieva-gradina'),
(550, N'Колхозен Пазар', 12, N'kolhozen-pazar'),
(551, N'Левски', 12, N'levski'),
(552, N'Лк Тракия', 12, N'lk-trakiya'),
(553, N'Магистрала Хемус', 12, N'magistrala-hemus'),
(554, N'Максуда', 12, N'maksuda'),
(555, N'Метро', 12, N'metro'),
(556, N'Младост 1', 12, N'mladost-1'),
(557, N'Младост 2', 12, N'mladost-2'),
(558, N'Морска Градина', 12, N'morska-gradina'),
(559, N'Нептун', 12, N'neptun'),
(560, N'Нов Хлебозавод', 12, N'nov-hlebozavod'),
(561, N'Общината', 12, N'obschinata'),
(562, N'Окръжна Болница', 12, N'okrzhna-bolnica'),
(563, N'Парк Владислав Варненчик', 12, N'park-vladislav-varnenchik'),
(563, N'Владислав Варненчик', 12, N'vladislav-varnenchik'),
(564, N'Патриарха', 12, N'patriarha'),
(565, N'Планова промишлена зона', 12, N'planova-promishlena-zona'),
(565, N'Промишлена зона', 12, N'promishlena-zona'),
(566, N'Победа', 12, N'pobeda'),
(567, N'Погребите', 12, N'pogrebite'),
(568, N'Пром. Зона Северна', 12, N'prom-zona-severna'),
(569, N'Пром. Зона Юг', 12, N'prom-zona-yug'),
(570, N'Спортна Зала', 12, N'sportna-zala'),
(571, N'Терапията', 12, N'terapiyata'),
(572, N'Техникумите', 12, N'tekhnikumite'),
(573, N'Трошево', 12, N'troshevo'),
(574, N'Хеи', 12, N'hei'),
(575, N'Христо Ботев', 12, N'hristo-botev'),
(576, N'Цветен', 12, N'cveten'),
(577, N'Център', 12, N'centr'),
(578, N'Чайка', 12, N'chajka'),
(579, N'Чаталджа', 12, N'chataldzha'),
(580, N'Червен Площад', 12, N'cherven-ploschad'),
(581, N'Акчелар', 12, N'akchelar'),
(582, N'Атанас Тарла', 12, N'atanas-tarla'),
(583, N'Аязмото', 12, N'ayazmoto'),
(584, N'Балам Дере', 12, N'balam-dere'),
(585, N'Боклук Тарла', 12, N'bokluk-tarla'),
(586, N'Боровец юг', 12, N'borovec-yug'),
(587, N'Боровец север', 12, N'borovec-sever'),
(588, N'Дървен Мост', 12, N'drven-most'),
(589, N'Евксиноград', 12, N'evksinograd'),
(590, N'Зеленика', 12, N'zelenika'),
(591, N'Кокарджа', 12, N'kokardzha'),
(592, N'Кочмар', 12, N'kochmar'),
(593, N'Ментешето', 12, N'mentesheto'),
(594, N'Планова', 12, N'planova'),
(595, N'Прибой', 12, N'priboj'),
(596, N'Пчелина', 12, N'pchelina'),
(597, N'Ракитника', 12, N'rakitnika'),
(598, N'Св. Никола', 12, N'sv-nikola'),
(599, N'Сотира', 12, N'sotira'),
(600, N'Сълзица', 12, N'slzica'),
(601, N'Траката', 12, N'trakata'),
(602, N'Фичоза', 12, N'fichoza'),
(603, N'Франга дере', 12, N'franga-dere'),

-- Бургас, 13

(604, N'Възраждане', 13, N'vzrazhdane'),
(605, N'Горно Езерово', 13, N'gorno-ezerovo'),
(606, N'Долно Езерово', 13, N'dolno-ezerovo'),
(607, N'Зорница', 13, N'zornica'),
(608, N'Изгрев', 13, N'izgrev'),
(609, N'Индустриална Зона', 13, N'industrialna-zona'),
(610, N'Крайморие', 13, N'krajmorie'),
(611, N'Лазур', 13, N'lazur'),
(612, N'Лозово', 13, N'lozovo'),
(613, N'Меден Рудник', 13, N'meden-rudnik'),
(614, N'Метро', 13, N'metro'),
(615, N'Победа', 13, N'pobeda'),
(616, N'Рудник', 13, N'rudnik'),
(617, N'Сарафово', 13, N'sarafovo'),
(618, N'Славейков', 13, N'slavejkov'),
(619, N'Център', 13, N'centr'),
(620, N'Черно море', 13, N'cherno-more'),
(621, N'кв.Банево', 13, N'kv-banevo'),
(622, N'кв.Ветрен', 13, N'kv-vetren'),
(624, N'Акациите', 13, N'akaciite'),
(625, N'Братя Миладинови', 13, N'bratya-miladinovi'),

-- Русе, 14

(626, N'ДЗС', 14, N'dzs'),
(627, N'Долапите', 14, N'dolapite'),
(628, N'Дружба 1', 14, N'druzhba-1'),
(629, N'Дружба 2', 14, N'druzhba-2'),
(630, N'Дружба 3', 14, N'druzhba-3'),
(631, N'Западна Промишлена Зона', 14, N'zapadna-promishlena-zona'),
(632, N'Захарна Фабрика', 14, N'zaharna-fabrika'),
(633, N'Здравец', 14, N'zdravec'),
(634, N'Здравец Изток', 14, N'zdravec-iztok'),
(635, N'Здравец Север', 14, N'zdravec-sever'),
(636, N'Идеален Център', 14, N'idealen-centr'),
(637, N'Източна Промишлена Зона', 14, N'iztochna-promishlena-zona'),
(638, N'Левента', 14, N'leventa'),
(639, N'Мальовица', 14, N'malovica'),
(640, N'Мидия-Енос', 14, N'midiya-enos'),
(641, N'Новата Махала', 14, N'novata-mahala'),
(642, N'Родина 1', 14, N'rodina-1'),
(643, N'Родина 2', 14, N'rodina-2'),
(644, N'Родина 3', 14, N'rodina-3'),
(645, N'Родина 4', 14, N'rodina-4'),
(646, N'Сарая', 14, N'saraya'),
(647, N'Средна Кула', 14, N'sredna-kula'),
(648, N'Хижа Приста', 14, N'hizha-prista'),
(649, N'Хъшове', 14, N'hshove'),
(650, N'ЦЮР', 14, N'cyur'),
(651, N'Цветница', 14, N'cvetnica'),
(652, N'Център', 14, N'centr'),
(653, N'Чародейка Север', 14, N'charodejka-sever'),
(654, N'Чародейка Юг', 14, N'charodejka-yug'),
(655, N'Широк Център', 14, N'shirok-centr'),
(656, N'Ялта', 14, N'yalta'),
(657, N'Веждата', 14, N'vezhdata'),
(658, N'Възраждане', 14, N'vzrazhdane'),
(659, N'Възраждане-Юг', 14, N'vzrazhdane-yug'),
(660, N'Главен път Русе-Варна', 14, N'glaven-pt-ruse-varna'),

-- Стара Загора, 15

(661, N'VII-мо основно у-ще', 15, N'vii-mo-osnovno-u-sche'),
(662, N'АПК Загоре', 15, N'apk-zagore'),
(663, N'Алана', 15, N'alana'),
(664, N'Аязмото', 15, N'ayazmoto'),
(665, N'БКП', 15, N'bkp'),
(666, N'Била', 15, N'bila'),
(667, N'Бул. Генерал Столетов', 15, N'bul-general-stoletov'),
(668, N'Бул. Отец Паисий', 15, N'bul-otec-paisij'),
(669, N'Бул. Патриарх Евтимий', 15, N'bul-patriarh-evtimij'),
(670, N'Бул. Руски', 15, N'bul-ruski'),
(671, N'Бул. Симеон Велики', 15, N'bul-simeon-veliki'),
(672, N'Бул. Славянски', 15, N'bul-slavyanski'),
(673, N'Бул. Хан Аспарух', 15, N'bul-han-asparuh'),
(674, N'Бул. Христо Ботев', 15, N'bul-hristo-botev'),
(669, N'Патриарх Евтимий', 15, N'patriarh-evtimij'),
(670, N'Руски', 15, N'ruski'),
(671, N'Симеон Велики', 15, N'simeon-veliki'),
(672, N'Славянски', 15, N'slavyanski'),
(673, N'Хан Аспарух', 15, N'han-asparuh'),
(674, N'Христо Ботев', 15, N'hristo-botev'),
(675, N'Булбанк', 15, N'bulbank'),
(676, N'Гимназия Иван Вазов', 15, N'gimnaziya-ivan-vazov'),
(676, N'Иван Вазов', 15, N'ivan-vazov'),
(677, N'ДЗУ', 15, N'dzu'),
(678, N'ДНА', 15, N'dna'),
(679, N'Детска поликлиника', 15, N'detska-poliklinika'),
(680, N'Езикова гимназия', 15, N'ezikova-gimnaziya'),
(681, N'Загорка', 15, N'zagorka'),
(682, N'Индустриална зона - Запад', 15, N'industrialna-zona-zapad'),
(683, N'Индустриална зона - Изток', 15, N'industrialna-zona-iztok'),
(684, N'Индустриална зона - Север', 15, N'industrialna-zona-sever'),
(682, N'Запад', 15, N'zapad'),
(683, N'Изток', 15, N'iztok'),
(684, N'Север', 15, N'sever'),
(685, N'Казански', 15, N'kazanski'),
(686, N'Казански - Изток', 15, N'kazanski-iztok'),
(687, N'Кольо Ганчев', 15, N'kolo-ganchev'),
(688, N'Корекома', 15, N'korekoma'),
(689, N'МБАЛ Иван Рилски', 15, N'mbal-ivan-rilski'),
(690, N'Македонски', 15, N'makedonski'),
(691, N'Математическа гимназия', 15, N'matematicheska-gimnaziya'),
(692, N'Метро', 15, N'metro'),
(693, N'Мототехника', 15, N'mototekhnika'),
(694, N'Никола Петков', 15, N'nikola-petkov'),
(695, N'ОРБ', 15, N'orb'),
(696, N'Операта', 15, N'operata'),
(697, N'Опълченски', 15, N'oplchenski'),
(698, N'Ремиза', 15, N'remiza'),
(699, N'Самара 1', 15, N'samara-1'),
(700, N'Самара 2', 15, N'samara-2'),
(701, N'Самара 3', 15, N'samara-3'),
(702, N'Студентско градче - Атюрен', 15, N'studentsko-gradche-atyuren'),
(702, N'Атюрен', 15, N'atyuren'),
(703, N'Център', 15, N'centr'),
(704, N'кв. Железник - Запад', 15, N'kv-zheleznik-zapad'),
(705, N'кв. Железник - Изток', 15, N'kv-zheleznik-iztok'),
(706, N'кв. Зора', 15, N'kv-zora'),
(707, N'кв. Индустриален', 15, N'kv-industrialen'),
(708, N'кв. Лозенец', 15, N'kv-lozenec'),
(709, N'кв. Три Чучура - Север', 15, N'kv-tri-chuchura-sever'),
(710, N'кв. Три Чучура - Юг', 15, N'kv-tri-chuchura-yug'),
(711, N'кв. Три чучура - Център', 15, N'kv-tri-chuchura-centr'),
(704, N'Железник - Запад', 15, N'zheleznik-zapad'),
(705, N'Железник - Изток', 15, N'zheleznik-iztok'),
(706, N'Зора', 15, N'zora'),
(707, N'Индустриален', 15, N'industrialen'),
(708, N'Лозенец', 15, N'lozenec'),
(709, N'Три Чучура - Север', 15, N'tri-chuchura-sever'),
(710, N'Три Чучура - Юг', 15, N'tri-chuchura-yug'),
(711, N'Три чучура - Център', 15, N'tri-chuchura-centr'),
(712, N'кино Димитър Благоев', 15, N'kino-dimitr-blagoev'),
(713, N'м-н Перун', 15, N'm-n-perun'),
(714, N'х-л Тангра', 15, N'h-l-tangra'),
(713, N'Перун', 15, N'perun'),
(714, N'Тангра', 15, N'tangra'),
(715, N'I-во основно  у-ще', 15, N'i-vo-osnovno-u-sche'),
(716, N'II-ро основно у-ще', 15, N'ii-ro-osnovno-u-sche'),
(717, N'III-та поликлиника', 15, N'iii-ta-poliklinika'),
(718, N'V-то основно у-ще', 15, N'v-to-osnovno-u-sche'),
(719, N'VI-то основно у-ще', 15, N'vi-to-osnovno-u-sche'),

-- Плевен, 16

(720, N'Дружба 1', 16, N'druzhba-1'),
(721, N'Дружба 2', 16, N'druzhba-2'),
(722, N'Дружба 3', 16, N'druzhba-3'),
(723, N'Дружба 4', 16, N'druzhba-4'),
(724, N'Идеален Център', 16, N'idealen-centr'),
(725, N'Индустриална Зона', 16, N'industrialna-zona'),
(726, N'Кайлъка', 16, N'kajlka'),
(727, N'Мара Денчева', 16, N'mara-dencheva'),
(728, N'Окръжна Болница', 16, N'okrzhna-bolnica'),
(729, N'Пл. Македония', 16, N'pl-makedoniya'),
(729, N'Македония', 16, N'makedoniya'),
(730, N'Плевен-Запад', 16, N'pleven-zapad'),
(731, N'Скобелев Парк', 16, N'skobelev-park'),
(732, N'Сторгозия', 16, N'storgoziya'),
(733, N'Ул. 3-Ти Март', 16, N'ul-3-ti-mart'),
(734, N'Ул. Гренадерска', 16, N'ul-grenaderska'),
(733, N'3-Ти Март', 16, N'3-ti-mart'),
(734, N'Гренадерска', 16, N'grenaderska'),
(735, N'Хотел Балкан', 16, N'hotel-balkan'),
(736, N'Централ', 16, N'central'),
(737, N'Център', 16, N'centr'),
(738, N'Шзо', 16, N'shzo'),
(739, N'9-Ти Квартал', 16, N'9-ti-kvartal'),
(740, N'Бул. Русе', 16, N'bul-ruse'),
(741, N'Вми', 16, N'vmi'),
(742, N'Воден', 16, N'voden'),
(743, N'Градска Част', 16, N'gradska-chast'),
(744, N'Дружба', 16, N'druzhba'),

-- Добрич, 17

(745, N'Изгрев', 17, N'izgrev'),
(746, N'Промишлена Зона Запад', 17, N'promishlena-zona-zapad'),
(747, N'Промишлена Зона Север', 17, N'promishlena-zona-sever'),
(748, N'Рилци', 17, N'rilci'),
(749, N'Строител', 17, N'stroitel'),
(750, N'Христо Ботев', 17, N'hristo-botev'),
(751, N'Център', 17, N'centr'),
(752, N'Югоизток', 17, N'yugoiztok'),
(753, N'Балик', 17, N'balik'),
(754, N'Добротица', 17, N'dobrotica'),
(755, N'Дружба 1', 17, N'druzhba-1'),
(756, N'Дружба 2', 17, N'druzhba-2'),
(757, N'Дружба 3', 17, N'druzhba-3'),
(758, N'Дружба 4', 17, N'druzhba-4'),
(759, N'Иглика', 17, N'iglika'),

-- Сливен, 18

(760, N'Младост', 18, N'mladost'),
(761, N'Надежда', 18, N'nadezhda'),
(762, N'Ново Село', 18, N'novo-selo'),
(763, N'Промишлена зона', 18, N'promishlena-zona'),
(764, N'Република', 18, N'republika'),
(765, N'Речица', 18, N'rechica'),
(766, N'Руски', 18, N'ruski'),
(767, N'Сини Камъни', 18, N'sini-kamni'),
(768, N'Стоян Заимов', 18, N'stoyan-zaimov'),
(769, N'Център', 18, N'centr'),
(770, N'Сливен', 18, N'sliven'),
(771, N'Българка', 18, N'blgarka'),
(772, N'ДЗС Дебела кория', 18, N'dzs-debela-koriya'),
(772, N'ДЗС', 18, N'dzs'),
(772, N'Дебела кория', 18, N'debela-koriya'),
(773, N'Даме Груев', 18, N'dame-gruev'),
(774, N'Дружба', 18, N'druzhba'),
(775, N'Звездите', 18, N'zvezdite'),
(776, N'Клуцохор', 18, N'klucohor'),
(777, N'Кольо Фичето', 18, N'kolo-ficheto'),
(778, N'Комлука', 18, N'komluka'),

-- Шумен, 19

(779, N'Еверест', 19, N'everest'),
(780, N'Идустр.зона Добруджа', 19, N'idustr-zona-dobrudzha'),
(781, N'Идустр.зона Тракия', 19, N'idustr-zona-trakiya'),
(782, N'Куршум чешма', 19, N'kurshum-cheshma'),
(783, N'Кьошкове', 19, N'koshkove'),
(784, N'Лозево', 19, N'lozevo'),
(785, N'Макак', 19, N'makak'),
(786, N'Мътница', 19, N'mtnica'),
(787, N'Пети полк', 19, N'peti-polk'),
(788, N'Студентски общежития', 19, N'studentski-obschezhitiya'),
(789, N'Тракия', 19, N'trakiya'),
(790, N'Херсон', 19, N'herson'),
(791, N'Център', 19, N'centr'),
(792, N'Широк център', 19, N'shirok-centr'),
(793, N'Под манастира', 19, N'pod-manastira'),
(794, N'Сакарка', 19, N'sakarka'),
(795, N'Смесе', 19, N'smese'),
(796, N'Топхане', 19, N'tophane'),
(797, N'Чашка', 19, N'chashka'),
(798, N'Болница', 19, N'bolnica'),
(799, N'Боян Българанов 1', 19, N'boyan-blgaranov-1'),
(800, N'Боян Българанов 2', 19, N'boyan-blgaranov-2'),
(801, N'Бул.Велики Преслав', 19, N'bul-veliki-preslav'),
(801, N'Велики Преслав', 19, N'veliki-preslav'),
(802, N'Бялата Пръст', 19, N'byalata-prst'),
(803, N'Гривица', 19, N'grivica'),
(804, N'Дивдядово', 19, N'divdyadovo'),
(805, N'Дивизионна болница', 19, N'divizionna-bolnica'),
(806, N'Добруджа', 19, N'dobrudzha')

GO

--UPDATE dbo.DistrictSeoParameter SET Value = N'Район: ' + Value
--GO

INSERT INTO [dbo].[ArticleGroupSeoParameter]
           ([CountryId]
           ,[Value]
           ,[Alias]
           ,[ArticleGroupInternalName])
     VALUES
(2, N'едностаен апартамент под наем', N'ednostaen-apartament', '1k'),
(2, N'двустаен апартамент под наем', N'dvustaen-apartament', '2k'),
(2, N'тристаен апартамент под наем', N'tristaen-apartament', '3k'),
(2, N'четиристаен апартамент под наем',N'chetiristaen-apartament', '4k'),
(2, N'студио под наем', N'studio', 'C'),
(2, N'стая под наем', N'staya', 'K'),
(2, N'апартамент или стая под наем', N'apartament-ili-staya', '1k,K'),
(2, N'апартамент или студио под наем', N'apartament-ili-studio', '1k,C'),
(2, N'1 2 апартамент под наем', N'1-2-apartament', '1k,2k'),
(2, N'2 3 апартамент под наем', N'2-3-apartament', '2k,3k')
GO

INSERT INTO [dbo].[PhraseSeoParameter]
           (CountryId
           ,[Value]
           ,[Alias])
     VALUES
(2, N'от собственик', N'ot-sobstvenik'),
(2, N'в дългосрочен план', N'v-dolgosrochen-plan'),
(2, N'без посредници', N'bez-posrednici')
GO
